align_symmetry;cistem
applyctf;cistem
apply_gain_ref;cistem
apply_mask;cistem
calc_occ;cistem
calculate_fsc;cistem
cisTEM;cistem
cisTEM_job_control;cistem
console_test;cistem
convert_tif_to_mrc;cistem
ctffind;cistem
display;cistem
estimate_dataset_ssnr;cistem
extract_particles;cistem
find_particles;cistem
mag_distortion_correct;cistem
make_orth_views;cistem
make_size_map;cistem
merge2d;cistem
merge3d;cistem
montage;cistem
prepare_stack;cistem
project3d;cistem
reconstruct3d;cistem
refine2d;cistem
refine3d;cistem
remove_inf_and_nan;cistem
remove_outlier_pixels;cistem
resample;cistem
reset_mrc_header;cistem
resize;cistem
scale_with_mask;cistem
sharpen_map;cistem
sum_all_mrc_files;cistem
sum_all_tif_files;cistem
unblur;cistem
2to3;eman2
2to3-3.9;eman2
acountry;eman2
activate;eman2
adig;eman2
aec;eman2
aggregate_profile.pl;eman2
ahost;eman2
aserver;eman2
assistant;eman2
attr;eman2
autopoint;eman2
balsam;eman2
brotli;eman2
bsdcat;eman2
bsdcpio;eman2
bsdtar;eman2
bunzip2;eman2
bzcat;eman2
bzcmp;eman2
bzdiff;eman2
bzegrep;eman2
bzfgrep;eman2
bzgrep;eman2
bzip2;eman2
bzip2recover;eman2
bzless;eman2
bzmore;eman2
cairo-trace;eman2
canbusutil;eman2
captoinfo;eman2
ccmake;eman2
certutil;eman2
cjpeg;eman2
clear;eman2
cmake;eman2
compile_et;eman2
conda;eman2
conda2solv;eman2
conda-env;eman2
corepack;eman2
cpack;eman2
cph;eman2
c_rehash;eman2
ctest;eman2
cups-config;eman2
curl-config;eman2
curve_keygen;eman2
db_archive;eman2
db_checkpoint;eman2
db_convert;eman2
db_deadlock;eman2
db_dump;eman2
db_hotbackup;eman2
db_load;eman2
db_log_verify;eman2
db_printlog;eman2
db_recover;eman2
db_replicate;eman2
db_stat;eman2
db_tuner;eman2
db_upgrade;eman2
dbus-cleanup-sockets;eman2
dbus-daemon;eman2
dbus-launch;eman2
dbus-monitor;eman2
dbus-run-session;eman2
dbus-send;eman2
dbus-test-tool;eman2
dbus-update-activation-environment;eman2
dbus-uuidgen;eman2
db_verify;eman2
deactivate;eman2
derb;eman2
designer;eman2
djpeg;eman2
dumpsexp;eman2
dumpsolv;eman2
e2a2d_align.py;eman2
e2a2d_average.py;eman2
e2a2d_masks.py;eman2
e2a2d_stat.py;eman2
e2align2d.py;eman2
e2align3d.py;eman2
e2basis.py;eman2
e2boxadjust.py;eman2
e2boxer.py;eman2
e2buildsets.py;eman2
e2buildstacks.py;eman2
e2classaverage.py;eman2
e2classesbyref.py;eman2
e2classextract.py;eman2
e2classifycnn.py;eman2
e2classifykmeans.py;eman2
e2classifyligand.py;eman2
e2classify.py;eman2
e2classifytree.py;eman2
e2classptcl.py;eman2
e2classvsproj.py;eman2
e2cmmtomrc.py;eman2
e2cmpxplor.py;eman2
e2compress.py;eman2
e2ctf2eman1.py;eman2
e2ctf_auto.py;eman2
e2ctffind3util.py;eman2
e2ctf.py;eman2
e2ctfsim.py;eman2
e2ddd_external.py;eman2
e2ddd_movie.py;eman2
e2ddd_particles.py;eman2
e2display.py;eman2
e2emx.py;eman2
e2enrich.py;eman2
e2eotest.py;eman2
e2erasefiducials.py;eman2
e2euler_refine.py;eman2
e2eulerxplor.py;eman2
e2evalimage.py;eman2
e2evalparticles.py;eman2
e2evalrefine.py;eman2
e2extractsubparticles.py;eman2
e2fhstat.py;eman2
e2filtertool.py;eman2
e2foldfitter.py;eman2
e2fsc_local.py;eman2
e2fsc.py;eman2
e2fsc_real_local.py;eman2
e2gmm_analysis.py;eman2
e2gmm_batch.py;eman2
e2gmm_heter_ali.py;eman2
e2gmm_heter_refine.py;eman2
e2gmm_initmodel.py;eman2
e2gmm_merge_patch.py;eman2
e2gmm.py;eman2
e2gmm_refine_iter.py;eman2
e2gmm_refine_new.py;eman2
e2gmm_refine_patch.py;eman2
e2gmm_refine_point.py;eman2
e2gmm_refine.py;eman2
e2helixboxer.py;eman2
e2help.py;eman2
e2iminfo.py;eman2
e2import.py;eman2
e2initialmodel_hisym.py;eman2
e2initialmodel.py;eman2
e2initialmodel_sgd.py;eman2
e2make3dpar.py;eman2
e2make3d.py;eman2
e2maskbyclass.py;eman2
e2match.py;eman2
e2motion.py;eman2
e2msa.py;eman2
e2parallel.py;eman2
e2pathwalker.py;eman2
e2pdb2mrc.py;eman2
e2pdbviewer.py;eman2
e2plotEulers.py;eman2
e2proc2dmulti.py;eman2
e2proc2dpar.py;eman2
e2proc2d.py;eman2
e2proc3d_huge.py;eman2
e2proc3d.py;eman2
e2procheader.py;eman2
e2procjson.py;eman2
e2proclst.py;eman2
e2procpdb.py;eman2
e2proctxt.py;eman2
e2procxml.py;eman2
e2project3d.py;eman2
e2projectmanager.py;eman2
e2ptcltrace.py;eman2
e2ptclvsmap.py;eman2
e2.py;eman2
e2rawdata.py;eman2
e2RCTboxer.py;eman2
e2rct.py;eman2
e2_real.py;eman2
e2refine2d_bispec.py;eman2
e2refine2d.py;eman2
e2refine_easy.py;eman2
e2refinefromfrealign.py;eman2
e2refinemultinoali.py;eman2
e2refinemulti.py;eman2
e2refine_postprocess.py;eman2
e2refine.py;eman2
e2refine_split.py;eman2
e2refinetofrealign.py;eman2
e2refinetorelion2d.py;eman2
e2refinetorelion3d.py;eman2
e2refinevariance.py;eman2
e2relionsubsettoset.py;eman2
e2reliontoeman.py;eman2
e2runfrealign.py;eman2
e2runresmap.py;eman2
e2scannereval.py;eman2
e2segment3d.py;eman2
e2seq2pdb.py;eman2
e2simmx2stage.py;eman2
e2simmx.py;eman2
e2simmxxplor.py;eman2
e2skelpath.py;eman2
e2spa_align.py;eman2
e2spa_classify.py;eman2
e2spa_make3d.py;eman2
e2spa_refine_multi.py;eman2
e2spa_refine.py;eman2
e2sparxtoeman.py;eman2
e2spa_sgd.py;eman2
e2spa_subframe.py;eman2
e2speedtest.py;eman2
e2spt_align.py;eman2
e2spt_align_subtlt.py;eman2
e2spt_autoboxer.py;eman2
e2spt_average_multi.py;eman2
e2spt_average.py;eman2
e2spt_binarytree.py;eman2
e2spt_boxer_convnet.py;eman2
e2spt_boxer_old.py;eman2
e2spt_boxer.py;eman2
e2spt_buildsets.py;eman2
e2spt_classaverage.py;eman2
e2spt_classify_byproj.py;eman2
e2spt_classify.py;eman2
e2spt_ctf_old.py;eman2
e2spt_eval.py;eman2
e2spt_evalrefine_gui.py;eman2
e2spt_evalrefine.py;eman2
e2spt_evalsubtlt.py;eman2
e2spt_extractcurve.py;eman2
e2spt_extractfromseg.py;eman2
e2spt_extract.py;eman2
e2spt_fftamp.py;eman2
e2spt_hac.py;eman2
e2spt_intrafsc.py;eman2
e2spt_isr.py;eman2
e2spt_json2lst.py;eman2
e2spt_make3d.py;eman2
e2spt_mapptclstotomo.py;eman2
e2spt_orientptcl.py;eman2
e2spt_pcasplit.py;eman2
e2spt_polishptcls.py;eman2
e2spt_preproc.py;eman2
e2spt_project.py;eman2
e2spt_ptcl2tomo.py;eman2
e2spt_recompute.py;eman2
e2spt_refinemsa.py;eman2
e2spt_refinemulti_new.py;eman2
e2spt_refinemulti_noali.py;eman2
e2spt_refinemulti_old.py;eman2
e2spt_refinemulti.py;eman2
e2spt_refine_new.py;eman2
e2spt_refine.py;eman2
e2spt_remake3dptcl.py;eman2
e2spt_resolutionplot.py;eman2
e2spt_scramblestack.py;eman2
e2spt_sgd_new.py;eman2
e2spt_sgd.py;eman2
e2spt_simulation.py;eman2
e2spt_stat.py;eman2
e2spt_structfac.py;eman2
e2spt_subtilt_from_imod.py;eman2
e2spt_subtilt_old.py;eman2
e2spt_subtlt_local.py;eman2
e2spt_tempmatch.py;eman2
e2spt_tiltrefine_oneiter.py;eman2
e2spt_tiltrefine.py;eman2
e2spt_tiltstacker.py;eman2
e2spt_tomoctf.py;eman2
e2spt_trajfromrefine.py;eman2
e2spt_wedgefill.py;eman2
e2spt_wedge.py;eman2
e2ssehunter.py;eman2
e2ssematch.py;eman2
e2stackanim.py;eman2
e2stacksort.py;eman2
e2subsearch_exhaustive.py;eman2
e2symbest.py;eman2
e2symsearch3d.py;eman2
e2symsearch.py;eman2
e2tilefile.py;eman2
e2tileimage.py;eman2
e2tiltseries.py;eman2
e2tiltvalidate.py;eman2
e2tomo_ctfraw.py;eman2
e2tomo_drawcontour.py;eman2
e2tomo_drawcurve.py;eman2
e2tomo_eval.py;eman2
e2tomogram.py;eman2
e2tomo_icongpu.py;eman2
e2tomo_mwfill.py;eman2
e2tomopreproc.py;eman2
e2tomoresolution.py;eman2
e2tomoseg_buildtrainset.py;eman2
e2tomoseg_convnet.py;eman2
e2tomoseg_preproc.py;eman2
e2tomo_showali.py;eman2
e2tomo_stackframes.py;eman2
e2tomo_tiltstacker.py;eman2
e2tvrecon.py;eman2
e2unwrap3d.py;eman2
e2version.py;eman2
e3.py;eman2
ed2k-link;eman2
edonr256-hash;eman2
edonr512-hash;eman2
eman2.py;eman2
envsubst;eman2
estimator_ckpt_converter;eman2
f2py;eman2
f2py3;eman2
f2py3.9;eman2
fax2ps;eman2
fax2tiff;eman2
fc-cache;eman2
fc-cat;eman2
fc-conflist;eman2
fc-list;eman2
fc-match;eman2
fc-pattern;eman2
fc-query;eman2
fc-scan;eman2
fc-validate;eman2
fftwf-wisdom;eman2
fftwl-wisdom;eman2
fftw-wisdom;eman2
fftw-wisdom-to-conf;eman2
fixqt4headers.pl;eman2
flac;eman2
flatc;eman2
fonttools;eman2
freetype-config;eman2
futurize;eman2
gapplication;eman2
gdbus;eman2
gdbus-codegen;eman2
genbrk;eman2
gencfu;eman2
gencnval;eman2
gendict;eman2
genrb;eman2
getfattr;eman2
gettext;eman2
gettextize;eman2
gettext.sh;eman2
gif2h5;eman2
gif2rgb;eman2
gifbuild;eman2
gifclrmp;eman2
giffix;eman2
giftext;eman2
giftool;eman2
gio;eman2
gio-querymodules;eman2
glib-compile-resources;eman2
glib-compile-schemas;eman2
glib-genmarshal;eman2
glib-gettextize;eman2
glib-mkenums;eman2
gobject-query;eman2
google-oauthlib-tool;eman2
gost12-256-hash;eman2
gost12-512-hash;eman2
gpg-error;eman2
gpgrt-config;eman2
gresource;eman2
grpc_cpp_plugin;eman2
grpc_csharp_plugin;eman2
grpc_node_plugin;eman2
grpc_objective_c_plugin;eman2
grpc_php_plugin;eman2
grpc_python_plugin;eman2
grpc_ruby_plugin;eman2
gsettings;eman2
gsl-config;eman2
gsl-histogram;eman2
gsl-randist;eman2
gss-client;eman2
gst-device-monitor-1.0;eman2
gst-discoverer-1.0;eman2
gst-inspect-1.0;eman2
gst-launch-1.0;eman2
gst-play-1.0;eman2
gst-stats-1.0;eman2
gst-typefind-1.0;eman2
gtester;eman2
gtester-report;eman2
h52gif;eman2
h5c++;eman2
h5cc;eman2
h5clear;eman2
h5copy;eman2
h5debug;eman2
h5delete;eman2
h5diff;eman2
h5dump;eman2
h5fc;eman2
h5format_convert;eman2
h5import;eman2
h5jam;eman2
h5ls;eman2
h5mkgrp;eman2
h5perf_serial;eman2
h5redeploy;eman2
h5repack;eman2
h5repart;eman2
h5stat;eman2
h5unjam;eman2
h5watch;eman2
has160-hash;eman2
hb-ot-shape-closure;eman2
hb-shape;eman2
hb-subset;eman2
hb-view;eman2
hmac256;eman2
iconv;eman2
icu-config;eman2
icuexportdata;eman2
icuinfo;eman2
idle3;eman2
idle3.9;eman2
import_pb_to_tensorboard;eman2
infocmp;eman2
infotocap;eman2
installcheck;eman2
ippeveprinter;eman2
ipptool;eman2
ipython;eman2
ipython3;eman2
jackd;eman2
jlpm;eman2
jpegtran;eman2
jpgicc;eman2
jsonschema;eman2
jupyter;eman2
jupyter-bundlerextension;eman2
jupyter-dejavu;eman2
jupyter-events;eman2
jupyter-execute;eman2
jupyter-kernel;eman2
jupyter-kernelspec;eman2
jupyter-lab;eman2
jupyter-labextension;eman2
jupyter-labhub;eman2
jupyter-migrate;eman2
jupyter-nbclassic;eman2
jupyter-nbclassic-bundlerextension;eman2
jupyter-nbclassic-extension;eman2
jupyter-nbclassic-serverextension;eman2
jupyter-nbconvert;eman2
jupyter-nbextension;eman2
jupyter-notebook;eman2
jupyter-run;eman2
jupyter-server;eman2
jupyter-serverextension;eman2
jupyter-troubleshoot;eman2
jupyter-trust;eman2
k5srvutil;eman2
kadmin;eman2
kdestroy;eman2
keyctl;eman2
kinit;eman2
klist;eman2
kpasswd;eman2
krb5-config;eman2
ksu;eman2
kswitch;eman2
ktutil;eman2
kvno;eman2
lame;eman2
lconvert;eman2
libdeflate-gunzip;eman2
libdeflate-gzip;eman2
libgcrypt-config;eman2
libpng16-config;eman2
libpng-config;eman2
libtool;eman2
libtoolize;eman2
linguist;eman2
linkicc;eman2
lprodump;eman2
lrelease;eman2
lrelease-pro;eman2
lupdate;eman2
lupdate-pro;eman2
lz4;eman2
lz4c;eman2
lz4cat;eman2
lzcat;eman2
lzcmp;eman2
lzdiff;eman2
lzegrep;eman2
lzfgrep;eman2
lzgrep;eman2
lzless;eman2
lzma;eman2
lzmadec;eman2
lzmainfo;eman2
lzmore;eman2
magnet-link;eman2
makeconv;eman2
mamba;eman2
mamba-package;eman2
markdown_py;eman2
mergesolv;eman2
meshdebug;eman2
metaflac;eman2
moc;eman2
mpg123;eman2
mpg123-id3dump;eman2
mpg123-strip;eman2
mpic++;eman2
mpicalc;eman2
mpicc;eman2
mpiCC;eman2
mpicxx;eman2
mpiexec;eman2
mpif77;eman2
mpif90;eman2
mpifort;eman2
mpirun;eman2
msgattrib;eman2
msgcat;eman2
msgcmp;eman2
msgcomm;eman2
msgconv;eman2
msgen;eman2
msgexec;eman2
msgfilter;eman2
msgfmt;eman2
msggrep;eman2
msginit;eman2
msgmerge;eman2
msgunfmt;eman2
msguniq;eman2
ncurses6-config;eman2
ncursesw6-config;eman2
ngettext;eman2
nghttp;eman2
nghttpd;eman2
nghttpx;eman2
node;eman2
normalizer;eman2
nosetests;eman2
nosetests-3.9;eman2
npm;eman2
npx;eman2
nspr-config;eman2
nss-config;eman2
ompi-clean;eman2
ompi_info;eman2
ompi-server;eman2
opal_wrapper;eman2
openssl;eman2
opj_compress;eman2
opj_decompress;eman2
opj_dump;eman2
orc-bugreport;eman2
orcc;eman2
ortecc;eman2
orte-clean;eman2
orted;eman2
orte-info;eman2
orterun;eman2
orte-server;eman2
oshc++;eman2
oshcc;eman2
oshCC;eman2
oshcxx;eman2
oshfort;eman2
oshmem_info;eman2
oshrun;eman2
out123;eman2
pacat;eman2
pacmd;eman2
pactl;eman2
padsp;eman2
pa-info;eman2
pal2rgb;eman2
pamon;eman2
pandoc;eman2
paplay;eman2
parec;eman2
parecord;eman2
pasteurize;eman2
pasuspender;eman2
pcre2-config;eman2
pcre2grep;eman2
pcre2_jit_test;eman2
pcre2test;eman2
pg_config;eman2
pip;eman2
pip3;eman2
pixeltool;eman2
pk12util;eman2
pkgdata;eman2
pngfix;eman2
png-fix-itxt;eman2
ppm2tiff;eman2
profile2mat.pl;eman2
protoc;eman2
psicc;eman2
pulseaudio;eman2
pybabel;eman2
pydoc;eman2
pydoc3;eman2
pydoc3.9;eman2
pyftmerge;eman2
pyftsubset;eman2
pygmentize;eman2
pyjson5;eman2
pylupdate5;eman2
pyrcc5;eman2
pyrsa-decrypt;eman2
pyrsa-encrypt;eman2
pyrsa-keygen;eman2
pyrsa-priv2pub;eman2
pyrsa-sign;eman2
pyrsa-verify;eman2
python;eman2
python3;eman2
python3.9;eman2
python3.9-config;eman2
python3-config;eman2
pyuic5;eman2
qcollectiongenerator;eman2
qdbus;eman2
qdbuscpp2xml;eman2
qdbusviewer;eman2
qdbusxml2cpp;eman2
qdistancefieldgenerator;eman2
qdoc;eman2
qgltf;eman2
qhelpgenerator;eman2
qlalr;eman2
qmake;eman2
qml;eman2
qmlcachegen;eman2
qmleasing;eman2
qmlformat;eman2
qmlimportscanner;eman2
qmllint;eman2
qmlmin;eman2
qmlplugindump;eman2
qmlpreview;eman2
qmlprofiler;eman2
qmlscene;eman2
qmltestrunner;eman2
qmltime;eman2
qmltyperegistrar;eman2
qpaeq;eman2
qscxmlc;eman2
qtattributionsscanner;eman2
qt.conf;eman2
qtdiag;eman2
qtpaths;eman2
qtplugininfo;eman2
qvkgen;eman2
raw2tiff;eman2
rcc;eman2
rdjpgcom;eman2
recode-sr-latin;eman2
repc;eman2
repo2solv;eman2
reset;eman2
rhash;eman2
saved_model_cli;eman2
sclient;eman2
send2trash;eman2
setfattr;eman2
sfv-hash;eman2
shmemc++;eman2
shmemcc;eman2
shmemCC;eman2
shmemcxx;eman2
shmemfort;eman2
shmemrun;eman2
sim_client;eman2
sip-build;eman2
sip-distinfo;eman2
sip-install;eman2
sip-module;eman2
sip-sdist;eman2
sip-wheel;eman2
sndfile-cmp;eman2
sndfile-concat;eman2
sndfile-convert;eman2
sndfile-deinterleave;eman2
sndfile-info;eman2
sndfile-interleave;eman2
sndfile-metadata-get;eman2
sndfile-metadata-set;eman2
sndfile-play;eman2
sndfile-salvage;eman2
sp_3dvariability.py;eman2
sp_ali2d_mref.py;eman2
sp_ali2d.py;eman2
sp_ali3d.py;eman2
sp_ali_vol.py;eman2
sparx;eman2
sp_auto.py;eman2
sp_ave_ali.py;eman2
sp_batch.py;eman2
sp_beamtilt.py;eman2
sp_bestsmear.py;eman2
sp_center_2d3d.py;eman2
sp_center_projections.py;eman2
sp_chains.py;eman2
sp_cinderella_pred.py;eman2
sp_compare2d.py;eman2
sp_compute_isac_avg.py;eman2
sp_consistency.py;eman2
sp_convert_relionnew_to_relionold.py;eman2
sp_copyfromtif.py;eman2
sp_cpy.py;eman2
sp_cryolo_boxmanager.py;eman2
sp_cryolo_predict.py;eman2
sp_cryolo_train.py;eman2
sp_cter.py;eman2
sp_ctf.py;eman2
sp_ctf_refine.py;eman2
sp_ctf_refine_selection.py;eman2
sp_eqkmeans.py;eman2
sp_eval_isac.py;eman2
sp_factcoords.py;eman2
sp_filrecons3d.py;eman2
sp_filterlocal.py;eman2
sp_find_struct.py;eman2
sp_fit_error.py;eman2
sp_genbuf.py;eman2
sp_gui_cter.py;eman2
sp_gui_meridien.py;eman2
sp_gui.py;eman2
sp_gui_unblur.py;eman2
sp_hac_averages.py;eman2
sp_hac_clustering.py;eman2
sp_header.py;eman2
sp_helical_demo.py;eman2
sp_helixboxer.py;eman2
sp_higher_ord_abber.py;eman2
sphire;eman2
sp_ihrsr.py;eman2
sp_imgstat.py;eman2
sp_isac2.py;eman2
sp_k_means_groups.py;eman2
sp_k_means.py;eman2
sp_k_means_stable.py;eman2
sp_local_ali2d.py;eman2
sp_local_ali3dm.py;eman2
sp_local_ali3d.py;eman2
sp_locres.py;eman2
sp_mask.py;eman2
sp_meridien_alpha2.py;eman2
sp_meridien_alpha.py;eman2
sp_meridien_beta.py;eman2
sp_meridien_pre_things.py;eman2
sp_meridien.py;eman2
sp_meridien_sort.py;eman2
sp_micrograh_selection.py;eman2
sp_montage.py;eman2
sp_mref_ali2d.py;eman2
sp_mref_ali3d.py;eman2
sp_mref_alignment.py;eman2
sp_multi_ali2d.py;eman2
sp_multi_assign.py;eman2
sp_params_2D_to_3D.py;eman2
sp_params_3D_to_2D.py;eman2
sp_pca.py;eman2
sp_pdb2em.py;eman2
sp_pipe.py;eman2
sp_plot_projs_distrib.py;eman2
sp_polishing.py;eman2
sp_prepare_2d_forPCA.py;eman2
sp_process.py;eman2
sp_proj_compare.py;eman2
sp_project3d.py;eman2
sp_proj_stability.py;eman2
sp_realignment.py;eman2
sp_real.py;eman2
sp_recons3d_f.py;eman2
sp_recons3d_n.py;eman2
sp_relion2sphire.py;eman2
sp_relion_3dclassifi.py;eman2
sp_relion_avg.py;eman2
sp_reproducibility.py;eman2
sp_resample.py;eman2
sp_rewindow.py;eman2
sp_rot_sym.py;eman2
sp_rsort3d.py;eman2
sp_rviper.py;eman2
sp_shiftali.py;eman2
sp_signalsubtract.py;eman2
sp_sort3d_depth.py;eman2
sp_sort3d.py;eman2
sp_sparx;eman2
sp_sphire2relion.py;eman2
sp_spliteigen.py;eman2
sp_ssnr3d.py;eman2
sp_stability.py;eman2
sp_summovie.py;eman2
sp_sx.py;eman2
sp_transform2d.py;eman2
sp_unblur_old.py;eman2
sp_unblur.py;eman2
sp_varimax.py;eman2
sp_var.py;eman2
sp_viper.py;eman2
sp_window.py;eman2
sqlite3_analyzer;eman2
sx3dvariability.py;eman2
sxali2d_mref.py;eman2
sxali2d.py;eman2
sxali3d.py;eman2
sxali_vol.py;eman2
sxave_ali.py;eman2
sxbatch.py;eman2
sxcenter_projections.py;eman2
sxchains.py;eman2
sxcompute_isac_avg.py;eman2
sxconsistency.py;eman2
sxcopyfromtif.py;eman2
sxcpy.py;eman2
sxcter.py;eman2
sxctf.py;eman2
sxfactcoords.py;eman2
sxfilrecons3d.py;eman2
sxfilterlocal.py;eman2
sxfind_struct.py;eman2
sxfit_error.py;eman2
sxgenbuf.py;eman2
sxgui_cter.py;eman2
sxgui_meridien.py;eman2
sxgui.py;eman2
sxgui_unblur.py;eman2
sxhac_averages.py;eman2
sxhac_clustering.py;eman2
sxheader.py;eman2
sxhelical_demo.py;eman2
sxheliconlocal.py;eman2
sxhelicon.py;eman2
sxhelicon_utils.py;eman2
sxhelixboxer.py;eman2
sxihrsr.py;eman2
sximgstat.py;eman2
sxisac2.py;eman2
sxk_means_groups.py;eman2
sxk_means.py;eman2
sxk_means_stable.py;eman2
sxlocal_ali2d.py;eman2
sxlocal_ali3dm.py;eman2
sxlocal_ali3d.py;eman2
sxlocres.py;eman2
sxmask.py;eman2
sxmeridien.py;eman2
sxmontage.py;eman2
sxmref_ali2d.py;eman2
sxmref_ali3d.py;eman2
sxmref_alignment.py;eman2
sxmulti_ali2d.py;eman2
sxmulti_assign.py;eman2
sxparams_2D_to_3D.py;eman2
sxparams_3D_to_2D.py;eman2
sxpca.py;eman2
sxpdb2em.py;eman2
sxpipe.py;eman2
sxplot_projs_distrib.py;eman2
sxprepare_2d_forPCA.py;eman2
sxprocess.py;eman2
sxproj_compare.py;eman2
sxproject3d.py;eman2
sxproj_stability.py;eman2
sx.py;eman2
sxrealignment.py;eman2
sx_real.py;eman2
sxrecons3d_f.py;eman2
sxrecons3d_n.py;eman2
sxrelion2sphire.py;eman2
sxreproducibility.py;eman2
sxresample.py;eman2
sxresolution.py;eman2
sxrewindow.py;eman2
sxrot_sym.py;eman2
sxrsort3d.py;eman2
sxrviper.py;eman2
sxshiftali.py;eman2
sxsort3d_depth.py;eman2
sxsphire2relion.py;eman2
sxspliteigen.py;eman2
sxssnr3d.py;eman2
sxstability.py;eman2
sxsummovie.py;eman2
sxtransform2d.py;eman2
sxunblur.py;eman2
sxvarimax.py;eman2
sxvar.py;eman2
sxviper.py;eman2
sxwindow.py;eman2
syncqt.pl;eman2
tabs;eman2
tclsh;eman2
tclsh8.6;eman2
tensorboard;eman2
testsolv;eman2
tflite_convert;eman2
tf_upgrade_v2;eman2
tic;eman2
tiff2bw;eman2
tiff2pdf;eman2
tiff2ps;eman2
tiff2rgba;eman2
tiffcmp;eman2
tiffcp;eman2
tiffcrop;eman2
tiffdither;eman2
tiffdump;eman2
tiffinfo;eman2
tiffmedian;eman2
tiffset;eman2
tiffsplit;eman2
tificc;eman2
tiger-hash;eman2
toco;eman2
toco_from_protos;eman2
toe;eman2
tput;eman2
tqdm;eman2
tracegen;eman2
transicc;eman2
tset;eman2
tth-hash;eman2
ttx;eman2
uic;eman2
unlz4;eman2
unlzma;eman2
unxz;eman2
unzstd;eman2
uuclient;eman2
wheel;eman2
whirlpool-hash;eman2
wish;eman2
wish8.6;eman2
wrjpgcom;eman2
wsdump;eman2
x86_64-conda_cos6-linux-gnu-ld;eman2
x86_64-conda-linux-gnu-ld;eman2
xgettext;eman2
xkbcli;eman2
xml2-config;eman2
xmlcatalog;eman2
xmllint;eman2
xmlpatterns;eman2
xmlpatternsvalidator;eman2
xmlwf;eman2
xz;eman2
xzcat;eman2
xzcmp;eman2
xzdec;eman2
xzdiff;eman2
xzegrep;eman2
xzfgrep;eman2
xzgrep;eman2
xzless;eman2
xzmore;eman2
yat2m;eman2
zstd;eman2
zstdcat;eman2
zstdgrep;eman2
zstdless;eman2
zstdmt;eman2
relion;relion
relion_align_symmetry;relion
relion_autopick;relion
relion_autopick_mpi;relion
relion_backproject_2d;relion
relion_batchrun;relion
relion_batchrun_mpi;relion
relion_class_ranker;relion
relion_class_ranker_default_model.pt;relion
relion_class_ranker.py;relion
relion_convert_star;relion
relion_convert_to_tiff;relion
relion_convert_to_tiff_mpi;relion
relion_ctf_mask_test;relion
relion_ctf_refine;relion
relion_ctf_refine_mpi;relion
relion_ctf_toolbox;relion
relion_delete_blobs_2d;relion
relion_demodulate;relion
relion_display;relion
relion_estimate_gain;relion
relion_external_reconstruct;relion
relion_find_tiltpairs;relion
relion_flex_analyse;relion
relion_flex_analyse_mpi;relion
relion_helix_inimodel2d;relion
relion_helix_toolbox;relion
relion_helix_vote_classes;relion
relion_image_handler;relion
relion_import;relion
relion_it.py;relion
relion_localsym;relion
relion_localsym_mpi;relion
relion_manualpick;relion
relion_mask_create;relion
relion_merge_particles;relion
relion_motion_refine;relion
relion_motion_refine_mpi;relion
relion_mrc2vtk;relion
relion_particle_reposition;relion
relion_particle_select;relion
relion_particle_subtract;relion
relion_particle_subtract_mpi;relion
relion_particle_symmetry_expand;relion
relion_pipeliner;relion
relion_plot_delocalisation;relion
relion_postprocess;relion
relion_postprocess_mpi;relion
relion_prepare_subtomo;relion
relion_preprocess;relion
relion_preprocess_mpi;relion
relion_project;relion
relion_qsub.csh;relion
relion_reconstruct;relion
relion_reconstruct_mpi;relion
relion_refine;relion
relion_refine_mpi;relion
relion_run_ctffind;relion
relion_run_ctffind_mpi;relion
relion_run_motioncorr;relion
relion_run_motioncorr_mpi;relion
relion_schemegui.py;relion
relion_schemer;relion
relion_stack_create;relion
relion_star_datablock_ctfdat;relion
relion_star_datablock_singlefiles;relion
relion_star_datablock_stack;relion
relion_star_handler;relion
relion_star_loopheader;relion
relion_star_plottable;relion
relion_star_printtable;relion
relion_tiltpair_plot;relion
relion_tomo_add_spheres;relion
relion_tomo_align;relion
relion_tomo_align_mpi;relion
relion_tomo_bin_stack;relion
relion_tomo_catalogue_tomos;relion
relion_tomo_compute_FCC;relion
relion_tomo_convert_projections;relion
relion_tomo_dark_erase;relion
relion_tomo_delete_blobs;relion
relion_tomo_discover_motif;relion
relion_tomo_find_fiducials;relion
relion_tomo_find_lattice;relion
relion_tomo_fit_bfactors;relion
relion_tomo_fit_blobs_3d;relion
relion_tomo_import_particles;relion
relion_tomo_import_tomograms;relion
relion_tomo_local_particle_refine;relion
relion_tomo_make_optimisation_set;relion
relion_tomo_make_reference;relion
relion_tomo_powspec;relion
relion_tomo_predict_tilt_series;relion
relion_tomo_reconstruct_particle;relion
relion_tomo_reconstruct_particle_mpi;relion
relion_tomo_reconstruct_tomogram;relion
relion_tomo_refine_ctf;relion
relion_tomo_refine_ctf_mpi;relion
relion_tomo_refine_mag;relion
relion_tomo_sample_manifold;relion
relion_tomo_split_optics;relion
relion_tomo_subtomo;relion
relion_tomo_subtomo_mpi;relion
relion_tomo_taper;relion
relion_tomo_template_pick;relion
relion_tomo_test;relion
relion_tomo_tomo_ctf;relion
relion_tomo_Wiener_divide;relion
CONTAINS_SPIDER_RELEASE_26.06;spider_spider
Nextresults;spider_spider
spider_linux_mp_intel64;spider_spider
CONTAINS_Web.64;spider_web
web_linux_dir;spider_web
web_linux_dirs;spider_web
web_linux_tru;spider_web
web_linux_tru64;spider_web
web_linux_trud64;spider_web
web_linux_trus;spider_web
xmipp_angular_accuracy_pca;xmipp3
xmipp_angular_assignment_mag;xmipp3
xmipp_angular_break_symmetry;xmipp3
xmipp_angular_commonline;xmipp3
xmipp_angular_continuous_assign;xmipp3
xmipp_angular_continuous_assign2;xmipp3
xmipp_angular_discrete_assign;xmipp3
xmipp_angular_distance;xmipp3
xmipp_angular_distribution_show;xmipp3
xmipp_angular_estimate_tilt_axis;xmipp3
xmipp_angular_neighbourhood;xmipp3
xmipp_angular_project_library;xmipp3
xmipp_angular_projection_matching;xmipp3
xmipp_angular_rotate;xmipp3
xmipp_angular_sph_alignment;xmipp3
xmipp_art_zernike3d;xmipp3
xmipp_classify_analyze_cluster;xmipp3
xmipp_classify_compare_classes;xmipp3
xmipp_classify_evaluate_classes;xmipp3
xmipp_classify_extract_features;xmipp3
xmipp_classify_first_split;xmipp3
xmipp_classify_first_split3;xmipp3
xmipp_classify_kerdensom;xmipp3
xmipp_classify_kmeans_2d;xmipp3
xmipp_compare_density;xmipp3
xmipp_compare_views;xmipp3
xmipp_compile;xmipp3
xmipp_coordinates_consensus;xmipp3
xmipp_coordinates_noisy_zones_filter;xmipp3
xmipp_ctf_correct_phase;xmipp3
xmipp_ctf_correct_wiener2d;xmipp3
xmipp_ctf_correct_wiener3d;xmipp3
xmipp_ctf_enhance_psd;xmipp3
xmipp_ctf_estimate_from_micrograph;xmipp3
xmipp_ctf_estimate_from_psd;xmipp3
xmipp_ctf_estimate_from_psd_fast;xmipp3
xmipp_ctf_group;xmipp3
xmipp_ctf_phase_flip;xmipp3
xmipp_ctf_sort_psds;xmipp3
xmipp_cuda_align_significant;xmipp3
xmipp_cuda_angular_sph_alignment;xmipp3
xmipp_cuda_movie_alignment_correlation;xmipp3
xmipp_cuda_reconstruct_fourier;xmipp3
xmipp_cuda_volume_deform_sph;xmipp3
xmipp_cuda_volume_halves_restoration;xmipp3
xmipp_deepRes_resolution;xmipp3
xmipp_deep_consensus;xmipp3
xmipp_deep_denoising;xmipp3
xmipp_deep_hand;xmipp3
xmipp_deep_micrograph_cleaner;xmipp3
xmipp_deep_volume_postprocessing;xmipp3
xmipp_extract_particles;xmipp3
xmipp_flexible_alignment;xmipp3
xmipp_forward_art_zernike3d;xmipp3
xmipp_forward_art_zernike3d_subtomos;xmipp3
xmipp_forward_zernike_images;xmipp3
xmipp_forward_zernike_images_priors;xmipp3
xmipp_forward_zernike_subtomos;xmipp3
xmipp_forward_zernike_volume;xmipp3
xmipp_image_align;xmipp3
xmipp_image_align_tilt_pairs;xmipp3
xmipp_image_assignment_tilt_pair;xmipp3
xmipp_image_convert;xmipp3
xmipp_image_eliminate_byEnergy;xmipp3
xmipp_image_eliminate_empty_particles;xmipp3
xmipp_image_find_center;xmipp3
xmipp_image_header;xmipp3
xmipp_image_histogram;xmipp3
xmipp_image_odd_even;xmipp3
xmipp_image_operate;xmipp3
xmipp_image_residuals;xmipp3
xmipp_image_resize;xmipp3
xmipp_image_rotational_pca;xmipp3
xmipp_image_rotational_spectra;xmipp3
xmipp_image_sort_by_statistics;xmipp3
xmipp_image_ssnr;xmipp3
xmipp_image_statistics;xmipp3
xmipp_image_vectorize;xmipp3
xmipp_matrix_dimred;xmipp3
xmipp_metadata_histogram;xmipp3
xmipp_metadata_import;xmipp3
xmipp_metadata_plot;xmipp3
xmipp_metadata_selfile_create;xmipp3
xmipp_metadata_split;xmipp3
xmipp_metadata_split_3D;xmipp3
xmipp_metadata_utilities;xmipp3
xmipp_metadata_xml;xmipp3
xmipp_micrograph_automatic_picking;xmipp3
xmipp_micrograph_scissor;xmipp3
xmipp_ml_align2d;xmipp3
xmipp_mlf_align2d;xmipp3
xmipp_movie_alignment_correlation;xmipp3
xmipp_movie_estimate_gain;xmipp3
xmipp_movie_filter_dose;xmipp3
xmipp_mpi_angular_accuracy_pca;xmipp3
xmipp_mpi_angular_assignment_mag;xmipp3
xmipp_mpi_angular_class_average;xmipp3
xmipp_mpi_angular_continuous_assign;xmipp3
xmipp_mpi_angular_continuous_assign2;xmipp3
xmipp_mpi_angular_discrete_assign;xmipp3
xmipp_mpi_angular_project_library;xmipp3
xmipp_mpi_angular_projection_matching;xmipp3
xmipp_mpi_angular_sph_alignment;xmipp3
xmipp_mpi_classify_CL2D;xmipp3
xmipp_mpi_classify_CL2D_core_analysis;xmipp3
xmipp_mpi_classify_CLTomo;xmipp3
xmipp_mpi_classify_CLTomo_prog;xmipp3
xmipp_mpi_classify_FTTRI;xmipp3
xmipp_mpi_ctf_correct_phase;xmipp3
xmipp_mpi_ctf_correct_wiener2d;xmipp3
xmipp_mpi_ctf_sort_psds;xmipp3
xmipp_mpi_cuda_reconstruct_fourier;xmipp3
xmipp_mpi_forward_zernike_images;xmipp3
xmipp_mpi_forward_zernike_images_priors;xmipp3
xmipp_mpi_forward_zernike_subtomos;xmipp3
xmipp_mpi_image_eliminate_byEnergy;xmipp3
xmipp_mpi_image_operate;xmipp3
xmipp_mpi_image_resize;xmipp3
xmipp_mpi_image_rotational_pca;xmipp3
xmipp_mpi_image_sort;xmipp3
xmipp_mpi_image_ssnr;xmipp3
xmipp_mpi_ml_align2d;xmipp3
xmipp_mpi_mlf_align2d;xmipp3
xmipp_mpi_multireference_aligneability;xmipp3
xmipp_mpi_nma_alignment;xmipp3
xmipp_mpi_nma_alignment_vol;xmipp3
xmipp_mpi_performance_test;xmipp3
xmipp_mpi_reconstruct_art;xmipp3
xmipp_mpi_reconstruct_fourier;xmipp3
xmipp_mpi_reconstruct_fourier_accel;xmipp3
xmipp_mpi_reconstruct_significant;xmipp3
xmipp_mpi_reconstruct_wbp;xmipp3
xmipp_mpi_run;xmipp3
xmipp_mpi_transform_adjust_image_grey_levels;xmipp3
xmipp_mpi_transform_filter;xmipp3
xmipp_mpi_transform_geometry;xmipp3
xmipp_mpi_transform_mask;xmipp3
xmipp_mpi_transform_normalize;xmipp3
xmipp_mpi_transform_symmetrize;xmipp3
xmipp_mpi_transform_threshold;xmipp3
xmipp_mpi_validation_nontilt;xmipp3
xmipp_mpi_volumeset_align;xmipp3
xmipp_mpi_write_test;xmipp3
xmipp_multireference_aligneability;xmipp3
xmipp_nma_alignment;xmipp3
xmipp_nma_alignment_vol;xmipp3
xmipp_parallel_forward_art_zernike3d;xmipp3
xmipp_particle_boxsize;xmipp3
xmipp_pdb_analysis;xmipp3
xmipp_pdb_center;xmipp3
xmipp_pdb_label_from_volume;xmipp3
xmipp_pdb_nma_deform;xmipp3
xmipp_pdb_reduce_pseudoatoms;xmipp3
xmipp_pdb_select;xmipp3
xmipp_pdb_sph_deform;xmipp3
xmipp_phantom_create;xmipp3
xmipp_phantom_movie;xmipp3
xmipp_phantom_project;xmipp3
xmipp_phantom_simulate_microscope;xmipp3
xmipp_phantom_transform;xmipp3
xmipp_pick_noise;xmipp3
xmipp_preprocess_mics;xmipp3
xmipp_psd_estimate;xmipp3
xmipp_reconstruct_art;xmipp3
xmipp_reconstruct_fourier;xmipp3
xmipp_reconstruct_fourier_accel;xmipp3
xmipp_reconstruct_significant;xmipp3
xmipp_reconstruct_wbp;xmipp3
xmipp_resolution_directional;xmipp3
xmipp_resolution_fsc;xmipp3
xmipp_resolution_fso;xmipp3
xmipp_resolution_localfilter;xmipp3
xmipp_resolution_monogenic_signal;xmipp3
xmipp_resolution_monotomo;xmipp3
xmipp_resolution_pdb_bfactor;xmipp3
xmipp_showj;xmipp3
xmipp_subtract_projection;xmipp3
xmipp_sync_data;xmipp3
xmipp_test_script_importing_module;xmipp3
xmipp_tomo_confidence_map;xmipp3
xmipp_tomo_detect_missing_wedge;xmipp3
xmipp_tomo_extract_particlestacks;xmipp3
xmipp_tomo_extract_subtomograms;xmipp3
xmipp_tomo_filter_coordinates;xmipp3
xmipp_tomo_map_back;xmipp3
xmipp_tomo_project;xmipp3
xmipp_tomo_tiltseries_dose_filter;xmipp3
xmipp_transform_add_noise;xmipp3
xmipp_transform_adjust_image_grey_levels;xmipp3
xmipp_transform_adjust_volume_grey_levels;xmipp3
xmipp_transform_center_image;xmipp3
xmipp_transform_dimred;xmipp3
xmipp_transform_downsample;xmipp3
xmipp_transform_filter;xmipp3
xmipp_transform_geometry;xmipp3
xmipp_transform_mask;xmipp3
xmipp_transform_mirror;xmipp3
xmipp_transform_morphology;xmipp3
xmipp_transform_normalize;xmipp3
xmipp_transform_randomize_phases;xmipp3
xmipp_transform_symmetrize;xmipp3
xmipp_transform_threshold;xmipp3
xmipp_transform_window;xmipp3
xmipp_validation_nontilt;xmipp3
xmipp_version;xmipp3
xmipp_volume_align;xmipp3
xmipp_volume_apply_coefficient_zernike3d;xmipp3
xmipp_volume_apply_deform_sph;xmipp3
xmipp_volume_center;xmipp3
xmipp_volume_consensus;xmipp3
xmipp_volume_correct_bfactor;xmipp3
xmipp_volume_deform_sph;xmipp3
xmipp_volume_find_symmetry;xmipp3
xmipp_volume_from_pdb;xmipp3
xmipp_volume_halves_restoration;xmipp3
xmipp_volume_initial_simulated_annealing;xmipp3
xmipp_volume_local_sharpening;xmipp3
xmipp_volume_segment;xmipp3
xmipp_volume_structure_factor;xmipp3
xmipp_volume_subtraction;xmipp3
xmipp_volume_to_pseudoatoms;xmipp3
xmipp_volume_to_web;xmipp3
xmipp_volumeset_align;xmipp3
